seqName;clade;qc.overallScore;qc.overallStatus;totalGaps;totalInsertions;totalMissing;totalMutations;totalNonACGTNs;totalPcrPrimerChanges;substitutions;deletions;insertions;missing;nonACGTNs;pcrPrimerChanges;aaSubstitutions;totalAminoacidSubstitutions;aaDeletions;totalAminoacidDeletions;alignmentEnd;alignmentScore;alignmentStart;qc.missingData.missingDataThreshold;qc.missingData.score;qc.missingData.status;qc.missingData.totalMissing;qc.mixedSites.mixedSitesThreshold;qc.mixedSites.score;qc.mixedSites.status;qc.mixedSites.totalMixedSites;qc.privateMutations.cutoff;qc.privateMutations.excess;qc.privateMutations.score;qc.privateMutations.status;qc.privateMutations.total;qc.snpClusters.clusteredSNPs;qc.snpClusters.score;qc.snpClusters.status;qc.snpClusters.totalSNPs;errors;qc.seqName;nearestTreeNodeId
NC_045512;19A;0;good;0;0;0;0;0;0;;;;;;;;0;;0;29902;89709;0;3000;0;good;0;10;0;good;0;15;-5;0;good;0;;0;good;0;;NC_045512;0
FR0339_EPI_ISL_852764;20A;0;good;0;0;38;6;0;0;C241T,C3037T,G11083T,C14408T,C15324T,A23403G;;;1-31,11071,12114,29865-29871;;;ORF1a:L3606F,ORF1b:P314L,S:D614G;3;;0;29902;89685;0;3000;0;good;38;10;0;good;0;15;-4;0;good;1;;0;good;0;;FR0339_EPI_ISL_852764;293
FR0338_EPI_ISL_852669;20A;0;good;0;0;50;5;0;0;C241T,C3037T,C14408T,C15324T,A23403G;;;1-9,29862-29904;;;ORF1b:P314L,S:D614G;2;;0;29902;89689;0;3000;0;good;50;10;0;good;0;15;-5;0;good;0;;0;good;0;;FR0338_EPI_ISL_852669;293
FR0337_EPI_ISL_852766;20A;0;good;0;3;243;5;0;0;C241T,C3037T,C14408T,C15324T,A23403G;;11076:CTT;1-31,29694-29907;;;ORF1b:P314L,S:D614G;2;;0;29902;89685;0;3000;0;good;243;10;0;good;0;15;-4;0;good;1;;0;good;0;;FR0337_EPI_ISL_852766;293
FR0336_EPI_ISL_852670;20C;0;good;0;0;98;8;0;0;C241T,C1059T,T1211G,C3037T,C14408T,A23403G,G25563T,C27964T;;;1-32,29837-29904;;;ORF1a:T265I,ORF1a:C316G,ORF1b:P314L,ORF3a:Q57H,ORF8:S24L,S:D614G;6;;0;29902;89677;0;3000;0;good;98;10;0;good;0;15;-4;0;good;1;;0;good;0;;FR0336_EPI_ISL_852670;901
FR0335_EPI_ISL_852672;20C;0;good;0;0;52;7;0;0;C241T,C1059T,C3037T,C14408T,G22632A,A23403G,G25563T;;;1-31,13571,29865-29871,29889-29904;;;ORF1a:T265I,ORF1b:P314L,ORF3a:Q57H,S:R357K,S:D614G;5;;0;29902;89681;0;3000;0;good;52;10;0;good;0;15;-4;0;good;1;;0;good;0;;FR0335_EPI_ISL_852672;781
FR0334_EPI_ISL_852673;20C;0;good;0;0;72;9;0;0;C241T,C1059T,A2219G,C3037T,C14408T,C21005T,A23403G,G23608T,G25563T;;;1-33,29864-29904;;;ORF1a:T265I,ORF1a:I652V,ORF1b:P314L,ORF1b:A2513V,ORF3a:Q57H,S:D614G;6;;0;29902;89673;0;3000;0;good;72;10;0;good;0;15;-2;0;good;3;;0;good;0;;FR0334_EPI_ISL_852673;781
FR0333_EPI_ISL_852767;20A;0;good;0;0;244;6;0;0;C241T,C3037T,G11083T,C14408T,C15324T,A23403G;;;1-31,11071,29691-29904;;;ORF1a:L3606F,ORF1b:P314L,S:D614G;3;;0;29902;89685;0;3000;0;good;244;10;0;good;0;15;-4;0;good;1;;0;good;0;;FR0333_EPI_ISL_852767;293
FR0332_EPI_ISL_852674;20B;0;good;0;0;101;9;0;3;C241T,C3037T,C14408T,C16260T,A23403G,C27046T,G28881A,G28882A,G28883C;;;1-33,3045,21268,29837-29904;;"ChinaCDC_N_F:G28881A;G28882A;G28883C";M:T175M,N:R203K,N:G204R,ORF1b:P314L,S:D614G;5;;0;29902;89673;0;3000;0;good;101;10;0;good;0;15;-3;0;good;2;;0;good;0;;FR0332_EPI_ISL_852674;1236
FR0331_EPI_ISL_852675;20A;0;good;0;0;82;9;0;0;C241T,C1346A,C3037T,A12210G,C14408T,C15237T,C15324T,C20555T,A23403G;;;1-31,29852-29904;;;ORF1a:P361T,ORF1a:K3982R,ORF1b:P314L,ORF1b:S2363F,S:D614G;5;;0;29902;89673;0;3000;0;good;82;10;0;good;0;15;-1;0;good;4;;0;good;0;;FR0331_EPI_ISL_852675;293
FR0330_EPI_ISL_852768;20A;0;good;0;3;78;8;0;0;C241T,C3037T,A4485G,C9857T,A12180C,C14408T,C15324T,A23403G;;11076:CTT;1-31,29859-29907;;;ORF1a:K1407R,ORF1a:D3972A,ORF1b:P314L,S:D614G;4;;0;29902;89673;0;3000;0;good;78;10;0;good;0;15;-1;0;good;4;;0;good;0;;FR0330_EPI_ISL_852768;293
FR0276_EPI_ISL_852676;20C;16.477585733882034;good;0;0;1396;9;0;1;C241T,C1059T,C1973T,C3037T,A13396T,C14408T,G15380T,A23403G,G25563T;;;1-30,3854-4006,6874-7013,20256-20473,21454-21545,22040-22261,22414-22517,22627-22749,23924-23955,23973-23976,27645-27754,29692-29871;;ChinaCDC_ORF_P:A13396T;ORF1a:T265I,ORF1a:K4377N,ORF1b:P314L,ORF1b:S638I,ORF3a:Q57H,S:D614G;6;;0;29902;89673;0;3000;40.592592592592595;mediocre;1396;10;0;good;0;15;-2;0;good;3;;0;good;0;;FR0276_EPI_ISL_852676;781
FR0275_EPI_ISL_852677;20C;17.299437585733884;good;0;0;1423;8;0;1;C241T,C1059T,C3037T,A13396T,C14408T,G15380T,A23403G,G25563T;;;1-31,3832-3834,3943-4005,6871-7038,10000-10015,20252-20473,21512-21552,22038-22226,22344-22745,23911-23918,23946-23953,23982-24005,27534-27540,27620-27658,27665-27699,29689-29871;;ChinaCDC_ORF_P:A13396T;ORF1a:T265I,ORF1a:K4377N,ORF1b:P314L,ORF1b:S638I,ORF3a:Q57H,S:D614G;6;;0;29902;89677;0;3000;41.592592592592595;mediocre;1423;10;0;good;0;15;-3;0;good;2;;0;good;0;;FR0275_EPI_ISL_852677;781
FR0271_EPI_ISL_852678;20C;1.6517009602194788;good;0;0;647;8;0;0;C241T,C1059T,C3037T,C14408T,A17270G,G17658T,A23403G,G25563T;;;1-31,6874-7037,20297-20304,20327-20473,22039-22156,22327-22477,29837-29871;;;ORF1a:T265I,ORF1b:P314L,ORF1b:K1268R,ORF1b:M1397I,ORF3a:Q57H,S:D614G;6;;0;29902;89677;0;3000;12.851851851851851;good;647;10;0;good;0;15;-3;0;good;2;;0;good;0;;FR0271_EPI_ISL_852678;781
FR0267_EPI_ISL_852679;20A;10.622770919067218;good;0;0;1180;5;0;0;C241T,C3037T,C14408T,C15324T,A23403G;;;1-31,6874-7037,9860-9939,20255-20473,21456-21552,22038-22276,22640-22798,23946-24017,27566-27690,29865-29868;;;ORF1b:P314L,S:D614G;2;;0;29902;89689;0;3000;32.592592592592595;mediocre;1180;10;0;good;0;15;-5;0;good;0;;0;good;0;;FR0267_EPI_ISL_852679;293
FR0265_EPI_ISL_852680;19A;0.18141289437585736;good;0;0;415;3;0;0;G1440A,G2891A,C5900A;;;1-31,6874-7037,10046,20256-20473,29865-29869;;;ORF1a:G392D,ORF1a:A876T,ORF1a:P1879T;3;;0;29902;89697;0;3000;4.2592592592592595;good;415;10;0;good;0;15;-4;0;good;1;;0;good;0;;FR0265_EPI_ISL_852680;38
FR0264_EPI_ISL_852681;20C;0.051042524005486964;good;0;0;361;6;0;0;C241T,C1059T,C3037T,C14408T,A23403G,G25563T;;;1-31,6874-6988,20256-20473;;;ORF1a:T265I,ORF1b:P314L,ORF3a:Q57H,S:D614G;4;;0;29902;89685;0;3000;2.259259259259259;good;361;10;0;good;0;15;-5;0;good;0;;0;good;0;;FR0264_EPI_ISL_852681;781
FR0263_EPI_ISL_852810;20A;10.987997256515774;good;0;0;1195;7;0;1;C241T,C3037T,C14408T,C15324T,C22000T,A23403G,T28934C;;;1-31,6874-7037,9860-10076,20256-20473,21456-21552,22039-22291,22428-22441,22703-22799,27601-27713;;ChinaCDC_N_P:T28934C;ORF1b:P314L,S:D614G;2;;0;29902;89681;0;3000;33.148148148148145;mediocre;1195;10;0;good;0;15;-3;0;good;2;;0;good;0;;FR0263_EPI_ISL_852810;293
FR0262_EPI_ISL_852682;20A;1.4489026063100134;good;0;0;625;6;0;0;C241T,C3037T,C14408T,C15324T,G22484T,A23403G;;;1-31,6874-7037,9869-9871,9876-10076,20256-20473,22252-22265;;;ORF1b:P314L,S:V308L,S:D614G;3;;0;29902;89685;0;3000;12.037037037037036;good;625;10;0;good;0;15;-4;0;good;1;;0;good;0;;FR0262_EPI_ISL_852682;293
FR0260_EPI_ISL_852683;20A;7.654444444444445;good;0;0;1047;5;0;0;C241T,C3037T,C14408T,C15324T,A23403G;;;1-31,6874-7037,9860-9930,9935-10077,20255-20473,21456-21592,21614-21659,22038-22051,22118-22120,27534-27762;;;ORF1b:P314L,S:D614G;2;;0;29902;89689;0;3000;27.666666666666668;good;1047;10;0;good;0;15;-5;0;good;0;;0;good;0;;FR0260_EPI_ISL_852683;293
FR0259_EPI_ISL_852684;20A;0;good;0;0;261;5;0;0;C241T,C3037T,C14408T,A21137G,A23403G;;;1-32,6938-6965,6981-6995,20256-20443,29867-29869;;;ORF1b:P314L,ORF1b:K2557R,S:D614G;3;;0;29902;89689;0;3000;0;good;261;10;0;good;0;15;-4;0;good;1;;0;good;0;;FR0259_EPI_ISL_852684;214
FR0257_EPI_ISL_852685;20B;0;good;0;0;223;9;0;3;C241T,C3037T,C11916T,C14408T,A23403G,C27046T,G28881A,G28882A,G28883C;;;1-12,6876-6959,20287-20414,29867-29869;;"ChinaCDC_N_F:G28881A;G28882A;G28883C";M:T175M,N:R203K,N:G204R,ORF1a:S3884L,ORF1b:P314L,S:D614G;6;;0;29902;89673;0;3000;0;good;223;10;0;good;0;15;-3;0;good;2;;0;good;0;;FR0257_EPI_ISL_852685;1236
FR0256_EPI_ISL_852686;20A;2.978820301783265;good;0;0;766;5;0;0;C241T,C3037T,C14408T,A21137G,A23403G;;;1-31,6874-7037,9860-9925,10012-10015,20256-20473,22124-22131,22168-22183,22188-22196,22414-22444,27534-27762;;;ORF1b:P314L,ORF1b:K2557R,S:D614G;3;;0;29902;89689;0;3000;17.25925925925926;good;766;10;0;good;0;15;-4;0;good;1;;0;good;0;;FR0256_EPI_ISL_852686;214
FR0254_EPI_ISL_852687;20C;9.957530864197532;good;0;0;1152;8;0;0;C241T,C1059T,C3037T,C14408T,G21204T,A23403G,G25563T,T29689A;;;1-31,5053,6874-7038,9039,9938-10059,20255-20473,21456-21660,22089,22116-22189,22427-22500,22678-22753,27534-27614,27675-27785,29511;;;ORF1a:T265I,ORF1b:P314L,ORF1b:K2579N,ORF3a:Q57H,S:D614G;5;;0;29902;89677;0;3000;31.555555555555557;mediocre;1152;10;0;good;0;15;-3;0;good;2;;0;good;0;;FR0254_EPI_ISL_852687;781
FR0253_EPI_ISL_852688;20A;1.787668038408779;good;0;0;661;5;0;0;C241T,C3037T,C14408T,C15324T,A23403G;;;1-31,541,2083,6874-7037,9860-10016,19274,20254-20473,21512-21517,22420-22490,25831,27641-27655;;;ORF1b:P314L,S:D614G;2;;0;29902;89689;0;3000;13.37037037037037;good;661;10;0;good;0;15;-5;0;good;0;;0;good;0;;FR0253_EPI_ISL_852688;293
FR0251_EPI_ISL_852689;20A;1.2677091906721538;good;0;0;604;5;0;0;C241T,C3037T,C14408T,C15324T,A23403G;;;1-31,3096,6872-7037,10072-10077,20254-20473,20759,21517-21592,22113-22196,25914,27609-27629,27698,29272,29865-29867;;;ORF1b:P314L,S:D614G;2;;0;29902;89689;0;3000;11.25925925925926;good;604;10;0;good;0;15;-5;0;good;0;;0;good;0;;FR0251_EPI_ISL_852689;293
FR0250_EPI_ISL_852769;20A;0;good;0;3;31;5;0;0;C241T,C3037T,C14408T,C15324T,A23403G;;11076:CTT;1-32;;;ORF1b:P314L,S:D614G;2;;0;29902;89685;0;3000;0;good;31;10;0;good;0;15;-4;0;good;1;;0;good;0;;FR0250_EPI_ISL_852769;293
FR0248_EPI_ISL_852690;20A;0.005486968449931412;good;0;0;320;5;0;0;C241T,C3037T,C14408T,C15324T,A23403G;;;1-11,6874-6964,6994-7008,20255-20418,20424-20467;;;ORF1b:P314L,S:D614G;2;;0;29902;89689;0;3000;0.7407407407407407;good;320;10;0;good;0;15;-5;0;good;0;;0;good;0;;FR0248_EPI_ISL_852690;293
FR0247_EPI_ISL_852691;20B;0.03567901234567901;good;0;0;351;9;0;3;C241T,C3037T,C11916T,C14408T,A23403G,C27046T,G28881A,G28882A,G28883C;;;1-4,6876-6966,20256-20473,21512-21552,29870;;"ChinaCDC_N_F:G28881A;G28882A;G28883C";M:T175M,N:R203K,N:G204R,ORF1a:S3884L,ORF1b:P314L,S:D614G;6;;0;29902;89673;0;3000;1.8888888888888888;good;351;10;0;good;0;15;-3;0;good;2;;0;good;0;;FR0247_EPI_ISL_852691;1236
FR0246_EPI_ISL_852692;20A;0;good;0;0;186;7;0;0;C241T,C1884T,C3037T,C5884T,C14408T,C15324T,A23403G;;;1-29,6885-6967,7010-7020,20283,20323-20351,20435-20471,29870;;;ORF1a:A540V,ORF1b:P314L,S:D614G;3;;0;29902;89681;0;3000;0;good;186;10;0;good;0;15;-3;0;good;2;;0;good;0;;FR0246_EPI_ISL_852692;293
FR0245_EPI_ISL_852694;20A;0.13993141289437586;good;0;0;401;7;0;0;C241T,C3037T,A4107G,T7122C,C14408T,C15324T,A23403G;;;1-3,6874-7037,9860-9878,20256-20473,29272;;;ORF1a:K1281R,ORF1a:I2286T,ORF1b:P314L,S:D614G;4;;0;29902;89681;0;3000;3.740740740740741;good;401;10;0;good;0;15;-3;0;good;2;;0;good;0;;FR0245_EPI_ISL_852694;293
FR0244_EPI_ISL_852695;20A;0.17207133058984908;good;0;0;412;5;0;0;C241T,C3037T,C14408T,C15324T,A23403G;;;1-31,6874-7037,20254-20473;;;ORF1b:P314L,S:D614G;2;;0;29902;89689;0;3000;4.148148148148148;good;412;10;0;good;0;15;-5;0;good;0;;0;good;0;;FR0244_EPI_ISL_852695;293
FR0243_EPI_ISL_852696;20A;0;good;0;0;168;5;0;0;C241T,C3037T,C14408T,C15324T,A23403G;;;1-22,6874-6966,20386-20433,20445-20453;;;ORF1b:P314L,S:D614G;2;;0;29902;89689;0;3000;0;good;168;10;0;good;0;15;-5;0;good;0;;0;good;0;;FR0243_EPI_ISL_852696;293
FR0242_EPI_ISL_852697;20A;0.1237997256515775;good;0;0;395;7;0;1;C241T,C3037T,C14114T,C14408T,C15324T,C15933T,A23403G;;;1-12,6873-7037,20254-20473,22478;;Pasteur_IP4_P:C14114T;ORF1b:T216I,ORF1b:P314L,S:D614G;3;;0;29902;89681;0;3000;3.5185185185185186;good;395;10;0;good;0;15;-3;0;good;2;;0;good;0;;FR0242_EPI_ISL_852697;293
FR0241_EPI_ISL_852698;20C;0;good;0;0;16;9;0;0;C241T,C1059T,C3037T,C14408T,A18015G,G21204T,A23403G,G25563T,G29511T;;;1-17;;;N:S413I,ORF1a:T265I,ORF1b:P314L,ORF1b:K2579N,ORF3a:Q57H,S:D614G;6;;0;29902;89673;0;3000;0;good;16;10;0;good;0;15;-2;0;good;3;;0;good;0;;FR0241_EPI_ISL_852698;781
FR0239_EPI_ISL_852699;20A;0;good;0;0;107;7;0;0;C241T,C1884T,C3037T,C5884T,C14408T,C15324T,A23403G;;;1-32,20364-20438,20442-20444;;;ORF1a:A540V,ORF1b:P314L,S:D614G;3;;0;29902;89681;0;3000;0;good;107;10;0;good;0;15;-3;0;good;2;;0;good;0;;FR0239_EPI_ISL_852699;293
FR0238_EPI_ISL_852700;20C;0.037091906721536345;good;0;0;352;7;0;0;C241T,C1059T,C3037T,C14408T,G15380T,A23403G,G25563T;;;1-31,6872-6976,20255-20473;;;ORF1a:T265I,ORF1b:P314L,ORF1b:S638I,ORF3a:Q57H,S:D614G;5;;0;29902;89681;0;3000;1.9259259259259258;good;352;10;0;good;0;15;-4;0;good;1;;0;good;0;;FR0238_EPI_ISL_852700;781
FR0237_EPI_ISL_852702;20A;10.192647462277094;good;0;0;1162;5;0;0;C241T,C3037T,C14408T,C15324T,A23403G;;;1-31,412-643,1059,6874-7040,9855-10076,10850-10856,10915-10920,20255-20473,21456-21592,21635-21637,21659,22038-22056,22420-22500,23018-23049,25188-25190,25563,28833-28846;;;ORF1b:P314L,S:D614G;2;;0;29902;89689;0;3000;31.925925925925927;mediocre;1162;10;0;good;0;15;-5;0;good;0;;0;good;0;;FR0237_EPI_ISL_852702;293
FR0236_EPI_ISL_852703;20A;0;good;0;0;149;5;0;0;C241T,C3037T,C14408T,C15324T,A23403G;;;1-34,20289-20306,20323-20418,29865-29869;;;ORF1b:P314L,S:D614G;2;;0;29902;89689;0;3000;0;good;149;10;0;good;0;15;-5;0;good;0;;0;good;0;;FR0236_EPI_ISL_852703;293
FR0234_EPI_ISL_852704;20A;2.4660631001371742;good;0;0;724;8;0;1;C241T,C3037T,C10977T,C14408T,C15324T,C22000T,A23403G,T28934C;;;1-5,6871-7037,9860-10048,20255-20473,21456-21551,22038-22056,22125-22137,22457-22471,22479-22488;;ChinaCDC_N_P:T28934C;ORF1a:A3571V,ORF1b:P314L,S:D614G;3;;0;29902;89677;0;3000;15.703703703703704;good;724;10;0;good;0;15;-2;0;good;3;;0;good;0;;FR0234_EPI_ISL_852704;293
FR0233_EPI_ISL_852705;20A;0.10622770919067215;good;0;0;388;5;0;0;C241T,C3037T,C14408T,C15324T,A23403G;;;1-6,6873-7037,20255-20473,22594;;;ORF1b:P314L,S:D614G;2;;0;29902;89689;0;3000;3.259259259259259;good;388;10;0;good;0;15;-5;0;good;0;;0;good;0;;FR0233_EPI_ISL_852705;293
FR0232_EPI_ISL_852706;20A;0;good;0;0;161;6;0;0;C241T,C3037T,C14408T,C15324T,A23403G,C28093T;;;1-34,20317-20443,29865-29867;;;ORF1b:P314L,ORF8:S67F,S:D614G;3;;0;29902;89685;0;3000;0;good;161;10;0;good;0;15;-4;0;good;1;;0;good;0;;FR0232_EPI_ISL_852706;293
FR0231_EPI_ISL_852707;20A;9.702071330589849;good;0;0;1141;5;0;0;C241T,C3037T,C14408T,C15324T,A23403G;;;1-31,522-623,1059,5104-5107,6873-7037,9857-10078,20251-20473,21531-21552,22114-22187,22420-22472,25563,27534-27785,29415;;;ORF1b:P314L,S:D614G;2;;0;29902;89689;0;3000;31.14814814814815;mediocre;1141;10;0;good;0;15;-5;0;good;0;;0;good;0;;FR0231_EPI_ISL_852707;293
FR0230_EPI_ISL_852708;20A;0.19425240054869686;good;0;0;419;7;0;1;C241T,C3037T,C14408T,C15324T,C22000T,A23403G,T28934C;;;1-31,6874-7037,20255-20473,21512-21520;;ChinaCDC_N_P:T28934C;ORF1b:P314L,S:D614G;2;;0;29902;89681;0;3000;4.407407407407407;good;419;10;0;good;0;15;-3;0;good;2;;0;good;0;;FR0230_EPI_ISL_852708;293
FR0197_EPI_ISL_852711;20C;0;good;0;0;30;8;0;0;C241T,C1059T,A2219G,C3037T,C14408T,C21005T,A23403G,G25563T;;;1-31;;;ORF1a:T265I,ORF1a:I652V,ORF1b:P314L,ORF1b:A2513V,ORF3a:Q57H,S:D614G;6;;0;29902;89677;0;3000;0;good;30;10;0;good;0;15;-3;0;good;2;;0;good;0;;FR0197_EPI_ISL_852711;781
FR0196_EPI_ISL_852712;20C;0;good;0;0;33;8;0;0;C241T,C1059T,A2219G,C3037T,C14408T,C21005T,A23403G,G25563T;;;1-31,22456,29867-29869;;;ORF1a:T265I,ORF1a:I652V,ORF1b:P314L,ORF1b:A2513V,ORF3a:Q57H,S:D614G;6;;0;29902;89677;0;3000;0;good;33;10;0;good;0;15;-3;0;good;2;;0;good;0;;FR0196_EPI_ISL_852712;781
FR0195_EPI_ISL_852713;20C;0;good;0;0;33;6;0;0;C241T,C1059T,C3037T,C14408T,A23403G,G25563T;;;1-31,29862-29865;;;ORF1a:T265I,ORF1b:P314L,ORF3a:Q57H,S:D614G;4;;0;29902;89685;0;3000;0;good;33;10;0;good;0;15;-5;0;good;0;;0;good;0;;FR0195_EPI_ISL_852713;781
FR0194_EPI_ISL_852714;20A;0;good;0;0;34;6;0;0;C241T,G2447A,C3037T,C14408T,C15324T,A23403G;;;1-32,29864-29867;;;ORF1a:G728S,ORF1b:P314L,S:D614G;3;;0;29902;89685;0;3000;0;good;34;10;0;good;0;15;-4;0;good;1;;0;good;0;;FR0194_EPI_ISL_852714;293
FR0193_EPI_ISL_852715;20A;0;good;0;0;276;5;0;0;C241T,C3037T,C3646T,C14408T,A23403G;;;1-5,15324,21005,22420-22517,25563,29694-29866;;;ORF1b:P314L,S:D614G;2;;0;29902;89689;0;3000;0;good;276;10;0;good;0;15;-4;0;good;1;;0;good;0;;FR0193_EPI_ISL_852715;214
FR0192_EPI_ISL_852716;20A;0;good;0;0;11;5;0;0;C241T,C3037T,C14408T,C15324T,A23403G;;;1-12;;;ORF1b:P314L,S:D614G;2;;0;29902;89689;0;3000;0;good;11;10;0;good;0;15;-5;0;good;0;;0;good;0;;FR0192_EPI_ISL_852716;293
FR0190_EPI_ISL_852771;20A;0;good;0;3;201;5;0;0;C241T,C3037T,C14408T,C15324T,A23403G;;11076:CTT;1-31,29697-29868;;;ORF1b:P314L,S:D614G;2;;0;29902;89685;0;3000;0;good;201;10;0;good;0;15;-4;0;good;1;;0;good;0;;FR0190_EPI_ISL_852771;293
FR0189_EPI_ISL_852717;20A;0;good;0;0;206;4;0;0;C241T,C3037T,C14408T,A23403G;;;1-31,1059,2219,6906,14628,15324,25563,29694-29864;;;ORF1b:P314L,S:D614G;2;;0;29902;89693;0;3000;0;good;206;10;0;good;0;15;-5;0;good;0;;0;good;0;;FR0189_EPI_ISL_852717;214
FR0188_EPI_ISL_852718;20A;0;good;0;0;32;6;0;0;C241T,C3037T,C14408T,C15324T,G22484T,A23403G;;;1-31,29865-29867;;;ORF1b:P314L,S:V308L,S:D614G;3;;0;29902;89685;0;3000;0;good;32;10;0;good;0;15;-4;0;good;1;;0;good;0;;FR0188_EPI_ISL_852718;293
FR0187_EPI_ISL_852719;20C;0;good;0;0;33;6;0;0;C241T,C1059T,C3037T,C14408T,A23403G,G25563T;;;1-30,29864-29868;;;ORF1a:T265I,ORF1b:P314L,ORF3a:Q57H,S:D614G;4;;0;29902;89685;0;3000;0;good;33;10;0;good;0;15;-5;0;good;0;;0;good;0;;FR0187_EPI_ISL_852719;781
FR0186_EPI_ISL_852720;20A;0;good;0;0;34;6;0;0;C241T,C3037T,C14408T,C15324T,T19773C,A23403G;;;1-31,29865-29869;;;ORF1b:P314L,S:D614G;2;;0;29902;89685;0;3000;0;good;34;10;0;good;0;15;-4;0;good;1;;0;good;0;;FR0186_EPI_ISL_852720;293
FR0184_EPI_ISL_852721;20C;0;good;0;0;30;6;0;0;C241T,C1059T,C3037T,C14408T,A23403G,G25563T;;;1-31;;;ORF1a:T265I,ORF1b:P314L,ORF3a:Q57H,S:D614G;4;;0;29902;89685;0;3000;0;good;30;10;0;good;0;15;-5;0;good;0;;0;good;0;;FR0184_EPI_ISL_852721;781
FR0183_EPI_ISL_852722;20C;0;good;0;0;5;7;0;0;C241T,C1059T,C3037T,C14408T,A23403G,G25563T,C27804T;;;1-5,29865;;;ORF1a:T265I,ORF1b:P314L,ORF3a:Q57H,S:D614G;4;;0;29902;89681;0;3000;0;good;5;10;0;good;0;15;-4;0;good;1;;0;good;0;;FR0183_EPI_ISL_852722;781
FR0181_EPI_ISL_852724;20C;0;good;0;0;30;6;0;0;C241T,C1059T,C3037T,C14408T,A23403G,G25563T;;;1-31;;;ORF1a:T265I,ORF1b:P314L,ORF3a:Q57H,S:D614G;4;;0;29902;89685;0;3000;0;good;30;10;0;good;0;15;-5;0;good;0;;0;good;0;;FR0181_EPI_ISL_852724;781
FR0179_EPI_ISL_852725;19A;0;good;0;0;32;3;0;0;G1440A,G2891A,C5900A;;;1-31,29864-29866;;;ORF1a:G392D,ORF1a:A876T,ORF1a:P1879T;3;;0;29902;89697;0;3000;0;good;32;10;0;good;0;15;-4;0;good;1;;0;good;0;;FR0179_EPI_ISL_852725;38
FR0178_EPI_ISL_852726;20A;0;good;0;0;31;5;0;0;C241T,C3037T,C14408T,C15324T,A23403G;;;1-31,12081;;;ORF1b:P314L,S:D614G;2;;0;29902;89689;0;3000;0;good;31;10;0;good;0;15;-5;0;good;0;;0;good;0;;FR0178_EPI_ISL_852726;293
FR0177_EPI_ISL_852728;20C;0;good;0;0;2;7;0;0;C241T,C1059T,C3037T,C14408T,A23403G,G25563T,C27804T;;;1-3;;;ORF1a:T265I,ORF1b:P314L,ORF3a:Q57H,S:D614G;4;;0;29902;89681;0;3000;0;good;2;10;0;good;0;15;-4;0;good;1;;0;good;0;;FR0177_EPI_ISL_852728;781
FR0176_EPI_ISL_852776;20A;0;good;0;3;18;5;0;0;C241T,C3037T,C14408T,C15324T,A23403G;;11076:CTT;1-18,1477;;;ORF1b:P314L,S:D614G;2;;0;29902;89685;0;3000;0;good;18;10;0;good;0;15;-4;0;good;1;;0;good;0;;FR0176_EPI_ISL_852776;293
FR0175_EPI_ISL_852777;20A;0;good;0;3;28;7;0;0;C241T,C3037T,G10511A,C10702T,C14408T,C15324T,A23403G;;11076:CTT;1-29;;;ORF1a:D3416N,ORF1b:P314L,S:D614G;3;;0;29902;89677;0;3000;0;good;28;10;0;good;0;15;-2;0;good;3;;0;good;0;;FR0175_EPI_ISL_852777;293
FR0174_EPI_ISL_852780;20A;0;good;0;3;30;5;0;0;C241T,C3037T,C14408T,C15324T,A23403G;;11076:CTT;1-31;;;ORF1b:P314L,S:D614G;2;;0;29902;89685;0;3000;0;good;30;10;0;good;0;15;-4;0;good;1;;0;good;0;;FR0174_EPI_ISL_852780;293
FR0172_EPI_ISL_852730;19A;0;good;0;0;31;4;0;0;G11083T,C14805T,T17247C,G26144T;;;1-31,11074;;;ORF1a:L3606F,ORF3a:G251V;2;;0;29902;89693;0;3000;0;good;31;10;0;good;0;15;-4;0;good;1;;0;good;0;;FR0172_EPI_ISL_852730;85
FR0170_EPI_ISL_852734;20B;0;good;0;0;31;7;0;3;C241T,C3037T,C14408T,A23403G,G28881A,G28882A,G28883C;;;1-31,27737;;"ChinaCDC_N_F:G28881A;G28882A;G28883C";N:R203K,N:G204R,ORF1b:P314L,S:D614G;4;;0;29902;89681;0;3000;0;good;31;10;0;good;0;15;-5;0;good;0;;0;good;0;;FR0170_EPI_ISL_852734;1236
FR0168_EPI_ISL_852787;20A;0;good;0;3;30;5;0;0;C241T,C3037T,C14408T,C15324T,A23403G;;11076:CTT;1-31;;;ORF1b:P314L,S:D614G;2;;0;29902;89685;0;3000;0;good;30;10;0;good;0;15;-4;0;good;1;;0;good;0;;FR0168_EPI_ISL_852787;293
FR0166_EPI_ISL_852789;20A;0;good;0;3;17;5;0;0;C241T,C3037T,C14408T,C15324T,A23403G;;11076:CTT;1-17,11086;;;ORF1b:P314L,S:D614G;2;;0;29902;89685;0;3000;0;good;17;10;0;good;0;15;-4;0;good;1;;0;good;0;;FR0166_EPI_ISL_852789;293
FR0165_EPI_ISL_852791;20A;0;good;0;3;31;5;0;0;C241T,C3037T,C14408T,C15324T,A23403G;;11076:CTT;1-31,29870;;;ORF1b:P314L,S:D614G;2;;0;29902;89685;0;3000;0;good;31;10;0;good;0;15;-4;0;good;1;;0;good;0;;FR0165_EPI_ISL_852791;293
FR0164_EPI_ISL_852794;20A;0;good;0;3;11;5;0;0;C241T,C3037T,C14408T,C15324T,A23403G;;11076:CTT;1-12;;;ORF1b:P314L,S:D614G;2;;0;29902;89685;0;3000;0;good;11;10;0;good;0;15;-4;0;good;1;;0;good;0;;FR0164_EPI_ISL_852794;293
FR0163_EPI_ISL_852740;20B;0;good;0;0;18;9;0;3;G174T,C241T,C3037T,C14408T,A22474G,A23403G,G28881A,G28882A,G28883C;;;1-17,29865,29867;;"ChinaCDC_N_F:G28881A;G28882A;G28883C";N:R203K,N:G204R,ORF1b:P314L,S:D614G;4;;0;29902;89673;0;3000;0;good;18;10;0;good;0;15;-3;0;good;2;;0;good;0;;FR0163_EPI_ISL_852740;1236
FR0162_EPI_ISL_852803;20A;0.020864197530864197;good;0;0;339;6;0;0;C241T,C3037T,C14408T,C15324T,A23403G,T27760A;;;1-31,2593-2827,18739-18743,23941-24012;;;ORF1b:P314L,ORF7b:I2N,S:D614G;3;;0;29902;89685;0;3000;1.4444444444444444;good;339;10;0;good;0;15;-4;0;good;1;;0;good;0;;FR0162_EPI_ISL_852803;293
FR0161_EPI_ISL_852742;20B;0;good;0;0;30;8;0;3;C241T,C3037T,C14408T,A23403G,C27046T,G28881A,G28882A,G28883C;;;1-31;;"ChinaCDC_N_F:G28881A;G28882A;G28883C";M:T175M,N:R203K,N:G204R,ORF1b:P314L,S:D614G;5;;0;29902;89677;0;3000;0;good;30;10;0;good;0;15;-4;0;good;1;;0;good;0;;FR0161_EPI_ISL_852742;1236
FR0158_EPI_ISL_852745;20A;0;good;0;0;30;6;0;0;C241T,C3037T,C14408T,C15324T,A23403G,C23575T;;;1-31;;;ORF1b:P314L,S:D614G;2;;0;29902;89685;0;3000;0;good;30;10;0;good;0;15;-4;0;good;1;;0;good;0;;FR0158_EPI_ISL_852745;293
FR0157_EPI_ISL_852746;20A;0;good;0;0;30;6;0;0;C241T,C3037T,C14408T,C15324T,A23403G,C23575T;;;1-31;;;ORF1b:P314L,S:D614G;2;;0;29902;89685;0;3000;0;good;30;10;0;good;0;15;-4;0;good;1;;0;good;0;;FR0157_EPI_ISL_852746;293
FR0156_EPI_ISL_852747;20A;0;good;0;0;35;6;0;0;C241T,C3037T,C14408T,C15324T,G16188T,A23403G;;;1-31,29865-29870;;;ORF1b:P314L,ORF1b:W907C,S:D614G;3;;0;29902;89685;0;3000;0;good;35;10;0;good;0;15;-4;0;good;1;;0;good;0;;FR0156_EPI_ISL_852747;293
FR0155_EPI_ISL_852749;20A;0;good;0;0;45;5;0;0;A187G,C241T,C3037T,C14408T,A23403G;;;1-31,29862-29870,29897-29904;;;ORF1b:P314L,S:D614G;2;;0;29902;89689;0;3000;0;good;45;10;0;good;0;15;-4;0;good;1;;0;good;0;;FR0155_EPI_ISL_852749;214
FR0154_EPI_ISL_852754;20A;0;good;0;0;205;6;0;0;A187G,C241T,C3037T,C14362T,C14408T,A23403G;;;1-31,29694-29869;;;ORF1b:P314L,S:D614G;2;;0;29902;89685;0;3000;0;good;205;10;0;good;0;15;-3;0;good;2;;0;good;0;;FR0154_EPI_ISL_852754;214
FR0153_EPI_ISL_852755;20A;0;good;0;0;33;6;0;0;C241T,C3037T,C14408T,C15324T,A23403G,T27760A;;;1-23,29860-29870,29903;;;ORF1b:P314L,ORF7b:I2N,S:D614G;3;;0;29902;89685;0;3000;0;good;33;10;0;good;0;15;-4;0;good;1;;0;good;0;;FR0153_EPI_ISL_852755;293
FR0152_EPI_ISL_852812;20A;0;good;0;0;118;5;0;0;C241T,C3037T,C14408T,C15324T,A23403G;;;1-31,22438-22484,29862-29904;;;ORF1b:P314L,S:D614G;2;;0;29902;89689;0;3000;0;good;118;10;0;good;0;15;-5;0;good;0;;0;good;0;;FR0152_EPI_ISL_852812;293
FR0150_EPI_ISL_852758;20A;0;good;0;0;38;5;0;0;C241T,C3037T,C14408T,C15324T,A23403G;;;1-31,29863-29871;;;ORF1b:P314L,S:D614G;2;;0;29902;89689;0;3000;0;good;38;10;0;good;0;15;-5;0;good;0;;0;good;0;;FR0150_EPI_ISL_852758;293
FR0149_EPI_ISL_852759;20A;0;good;0;0;35;5;0;0;A187G,C241T,C3037T,C14408T,A23403G;;;1-31,14362,29865-29869;;;ORF1b:P314L,S:D614G;2;;0;29902;89689;0;3000;0;good;35;10;0;good;0;15;-4;0;good;1;;0;good;0;;FR0149_EPI_ISL_852759;214
FR0128_EPI_ISL_852808;20B;0;good;12;0;162;9;0;3;C241T,C3037T,C14408T,C16260T,A23403G,C27046T,G28881A,G28882A,G28883C;22293-22305;;1-31,1862,3404,23013,23030,28674,29737-29864;;"ChinaCDC_N_F:G28881A;G28882A;G28883C";M:T175M,N:R203K,N:G204R,ORF1b:P314L,S:L244Y,S:D614G;6;S:H245-,S:R246-,S:S247-,S:Y248-;4;29902;89633;0;3000;0;good;162;10;0;good;0;15;-2;0;good;3;;0;good;0;;FR0128_EPI_ISL_852808;1236
FR0127_EPI_ISL_852805;20B;0;good;24;0;36;9;0;3;C241T,C3037T,C14408T,C16260T,A23403G,C27046T,G28881A,G28882A,G28883C;21984-21996,22293-22305;;1-31,6026,21600,23013,23030,29081,29779;;"ChinaCDC_N_F:G28881A;G28882A;G28883C";M:T175M,N:R203K,N:G204R,ORF1b:P314L,S:L141Y,S:L244Y,S:D614G;7;S:G142-,S:V143-,S:Y144-,S:Y145-,S:H245-,S:R246-,S:S247-,S:Y248-;8;29902;89593;0;3000;0;good;36;10;0;good;0;15;-1;0;good;4;;0;good;0;;FR0127_EPI_ISL_852805;1236
FR0110_EPI_ISL_852782;20A;0;good;0;3;30;5;0;0;C241T,C3037T,C14408T,C15324T,A23403G;;11076:CTT;1-31;;;ORF1b:P314L,S:D614G;2;;0;29902;89685;0;3000;0;good;30;10;0;good;0;15;-4;0;good;1;;0;good;0;;FR0110_EPI_ISL_852782;293
FR0109_EPI_ISL_852732;20A;0;good;0;0;198;8;0;0;C241T,C3037T,C13517T,C14408T,C15324T,C20719T,C22075T,A23403G;;;1-30,29696-29865;;;ORF1b:T17I,ORF1b:P314L,S:D614G;3;;0;29902;89677;0;3000;0;good;198;10;0;good;0;15;-2;0;good;3;;0;good;0;;FR0109_EPI_ISL_852732;293
FR0108_EPI_ISL_852811;19A;0;good;1;0;11;4;0;0;G1440A,G2891A,C4655T,C22323T;222;;1-11,27739;;;ORF1a:G392D,ORF1a:A876T,ORF1a:R1464W,S:S254F;4;;0;29902;89686;0;3000;0;good;11;10;0;good;0;15;-2;0;good;3;;0;good;0;;FR0108_EPI_ISL_852811;38
FR0107_EPI_ISL_852710;20A;0;good;0;0;296;8;0;0;G94T,C173T,C241T,C3037T,C14408T,C15324T,A23403G,C28854T;;;1-31,6309,13753-13832,13904-13918,29250,29694-29865;;;N:S194L,ORF1b:P314L,S:D614G;3;;0;29902;89677;0;3000;0;good;296;10;0;good;0;15;-2;0;good;3;;0;good;0;;FR0107_EPI_ISL_852710;293
FR0106_EPI_ISL_852723;20A;0;good;0;0;11;5;0;0;C241T,C3037T,C14408T,C15324T,A23403G;;;1-12;;;ORF1b:P314L,S:D614G;2;;0;29902;89689;0;3000;0;good;11;10;0;good;0;15;-5;0;good;0;;0;good;0;;FR0106_EPI_ISL_852723;293
FR0105_EPI_ISL_852731;20A;0;good;0;0;31;5;0;0;C241T,C3037T,C14408T,C15324T,A23403G;;;1-30,29866-29868;;;ORF1b:P314L,S:D614G;2;;0;29902;89689;0;3000;0;good;31;10;0;good;0;15;-5;0;good;0;;0;good;0;;FR0105_EPI_ISL_852731;293
FR0104_EPI_ISL_852738;20C;0;good;0;0;30;6;0;0;C241T,C1059T,C3037T,C14408T,A23403G,G25563T;;;1-31;;;ORF1a:T265I,ORF1b:P314L,ORF3a:Q57H,S:D614G;4;;0;29902;89685;0;3000;0;good;30;10;0;good;0;15;-5;0;good;0;;0;good;0;;FR0104_EPI_ISL_852738;781
FR0103_EPI_ISL_852741;19A;0;good;0;0;29;2;0;0;G1440A,G2891A;;;1-30;;;ORF1a:G392D,ORF1a:A876T;2;;0;29902;89701;0;3000;0;good;29;10;0;good;0;15;-5;0;good;0;;0;good;0;;FR0103_EPI_ISL_852741;38
FR0102_EPI_ISL_852743;20B;0;good;0;0;29;9;0;3;C241T,C3037T,T8737C,C14408T,A23403G,C27046T,G28881A,G28882A,G28883C;;;1-30;;"ChinaCDC_N_F:G28881A;G28882A;G28883C";M:T175M,N:R203K,N:G204R,ORF1b:P314L,S:D614G;5;;0;29902;89673;0;3000;0;good;29;10;0;good;0;15;-3;0;good;2;;0;good;0;;FR0102_EPI_ISL_852743;1236
FR0101_EPI_ISL_852744;20C;0;good;0;0;26;6;0;0;C241T,C1059T,C3037T,C14408T,A23403G,G25563T;;;1-27;;;ORF1a:T265I,ORF1b:P314L,ORF3a:Q57H,S:D614G;4;;0;29902;89685;0;3000;0;good;26;10;0;good;0;15;-5;0;good;0;;0;good;0;;FR0101_EPI_ISL_852744;781
FR0100_EPI_ISL_852807;20B;0.4444444444444445;good;0;0;34;14;0;3;C241T,C3037T,C6026T,C14408T,C16260T,G21600T,T23030C,A23403G,C25844T,C27046T,G28881A,G28882A,G28883C,G29081T;;;1-5,4890,14712,21981-21994,22290-22303,26491-26493;;"ChinaCDC_N_F:G28881A;G28882A;G28883C";M:T175M,N:R203K,N:G204R,N:V270L,ORF1a:P1921S,ORF1b:P314L,ORF3a:T151I,S:S13I,S:F490L,S:D614G;10;;0;29902;89653;0;3000;0;good;34;10;0;good;0;15;1;6.666666666666667;good;6;;0;good;0;;FR0100_EPI_ISL_852807;1306
FR0099_EPI_ISL_852809;20B;0;good;12;0;32;11;0;3;C241T,C3037T,C6026T,C14408T,C16260T,T23030C,A23403G,C27046T,G28881A,G28882A,G28883C;21984-21996;;1-31,2113,21600;;"ChinaCDC_N_F:G28881A;G28882A;G28883C";M:T175M,N:R203K,N:G204R,ORF1a:P1921S,ORF1b:P314L,S:L141Y,S:F490L,S:D614G;8;S:G142-,S:V143-,S:Y144-,S:Y145-;4;29902;89625;0;3000;0;good;32;10;0;good;0;15;-1;0;good;4;;0;good;0;;FR0099_EPI_ISL_852809;1306
FR0095_EPI_ISL_852806;20B;1.777777777777778;good;12;0;32;14;0;4;C241T,C3037T,C6026T,C14408T,C14621T,C16260T,T23030C,A23403G,C27046T,C28674T,T28829C,G28881A,G28882A,G28883C;21984-21996;;1-31,29863-29865;;"Charité_N_R:T28829C,ChinaCDC_N_F:G28881A;G28882A;G28883C";M:T175M,N:A134V,N:S186P,N:R203K,N:G204R,ORF1a:P1921S,ORF1b:P314L,ORF1b:T385M,S:L141Y,S:F490L,S:D614G;11;S:G142-,S:V143-,S:Y144-,S:Y145-;4;29902;89613;0;3000;0;good;32;10;0;good;0;15;2;13.333333333333334;good;7;;0;good;0;;FR0095_EPI_ISL_852806;1306
FR0091_EPI_ISL_852773;20A;0;good;0;3;34;7;0;0;C241T,C3037T,C14408T,C15324T,A15334G,A23403G,C29095T;;11076:CTT;1-31,854,29865-29868;;;ORF1b:P314L,ORF1b:I623V,S:D614G;3;;0;29902;89677;0;3000;0;good;34;10;0;good;0;15;-2;0;good;3;;0;good;0;;FR0091_EPI_ISL_852773;293
FR0089_EPI_ISL_852792;20A;0;good;0;3;30;5;0;0;C241T,C3037T,C14408T,C15324T,A23403G;;11076:CTT;1-31;;;ORF1b:P314L,S:D614G;2;;0;29902;89685;0;3000;0;good;30;10;0;good;0;15;-4;0;good;1;;0;good;0;;FR0089_EPI_ISL_852792;293
FR0086_EPI_ISL_852765;20A;4.97124828532236;good;0;3;902;6;0;0;C241T,C3037T,A12180C,C14408T,C15324T,A23403G;;11076:CTT;1-31,2385-2401,2403-2440,2472-2505,19301-19552,19991-20182,21173-21365,22400-22520,29840-29872;;;ORF1a:D3972A,ORF1b:P314L,S:D614G;3;;0;29902;89681;0;3000;22.296296296296298;good;902;10;0;good;0;15;-3;0;good;2;;0;good;0;;FR0086_EPI_ISL_852765;293
FR0085_EPI_ISL_852701;20B;11.787777777777778;good;0;0;1227;9;0;3;C241T,C3037T,C14408T,C16260T,A23403G,C27046T,G28881A,G28882A,G28883C;;;1-31,2269-2505,6021-6039,6044-6073,6096-6119,19298-19549,19940-20191,21170-21362,22346-22517,29843-29869;;"ChinaCDC_N_F:G28881A;G28882A;G28883C";M:T175M,N:R203K,N:G204R,ORF1b:P314L,S:D614G;5;;0;29902;89673;0;3000;34.333333333333336;mediocre;1227;10;0;good;0;15;-3;0;good;2;;0;good;0;;FR0085_EPI_ISL_852701;1236
FR0081_EPI_ISL_852775;20A;0;good;0;3;35;5;0;0;C241T,C3037T,C14408T,C15324T,A23403G;;11076:CTT;1-34,29870-29872;;;ORF1b:P314L,S:D614G;2;;0;29902;89685;0;3000;0;good;35;10;0;good;0;15;-4;0;good;1;;0;good;0;;FR0081_EPI_ISL_852775;293
FR0080_EPI_ISL_852778;20A;0;good;0;3;77;7;0;0;C241T,C3037T,C13051T,C14408T,C15324T,A15641C,A23403G;;11076:CTT;1-31,22457-22503,29868;;;ORF1b:P314L,ORF1b:N725T,S:D614G;3;;0;29902;89677;0;3000;0;good;77;10;0;good;0;15;-2;0;good;3;;0;good;0;;FR0080_EPI_ISL_852778;293
FR0078_EPI_ISL_852781;20A;0;good;0;3;33;7;0;1;C241T,C3037T,C7600T,C14408T,C15324T,G15451A,A23403G;;11076:CTT;1-31,29867-29870;;Charité_RdRp_F:G15451A;ORF1b:P314L,ORF1b:G662S,S:D614G;3;;0;29902;89677;0;3000;0;good;33;10;0;good;0;15;-2;0;good;3;;0;good;0;;FR0078_EPI_ISL_852781;293
FR0077_EPI_ISL_852784;20A;0;good;0;3;28;6;0;0;C241T,C3037T,G11083T,C14408T,C15324T,A23403G;;11076:CTT;1-29;;;ORF1a:L3606F,ORF1b:P314L,S:D614G;3;;0;29902;89681;0;3000;0;good;28;10;0;good;0;15;-3;0;good;2;;0;good;0;;FR0077_EPI_ISL_852784;293
FR0076_EPI_ISL_852772;20A;0;good;0;3;25;5;0;0;C241T,C3037T,C14408T,C15324T,A23403G;;11076:CTT;1-22,29868-29872;;;ORF1b:P314L,S:D614G;2;;0;29902;89685;0;3000;0;good;25;10;0;good;0;15;-4;0;good;1;;0;good;0;;FR0076_EPI_ISL_852772;293
FR0075_EPI_ISL_852693;20A;0;good;0;0;3;8;0;0;C241T,C3037T,C10448A,T11077C,C14408T,C15324T,A23403G,A27668T;;;1-3,29867;;;ORF1a:P3395T,ORF1b:P314L,ORF7a:E92V,S:D614G;4;;0;29902;89677;0;3000;0;good;3;10;0;good;0;15;-2;0;good;3;;0;good;0;;FR0075_EPI_ISL_852693;293
FR0073_EPI_ISL_852727;20C;0;good;0;0;34;6;0;0;C241T,C1059T,C3037T,C14408T,A23403G,G25563T;;;1-31,29865-29869;;;ORF1a:T265I,ORF1b:P314L,ORF3a:Q57H,S:D614G;4;;0;29902;89685;0;3000;0;good;34;10;0;good;0;15;-5;0;good;0;;0;good;0;;FR0073_EPI_ISL_852727;781
FR0072_EPI_ISL_852729;20A;0;good;0;0;36;4;0;0;C241T,C3037T,C14408T,A23403G;;;1-31,1059,3373,25563,28881-28884;;;ORF1b:P314L,S:D614G;2;;0;29902;89693;0;3000;0;good;36;10;0;good;0;15;-5;0;good;0;;0;good;0;;FR0072_EPI_ISL_852729;214
FR0069_EPI_ISL_852733;20A;0;good;0;0;6;5;0;0;C241T,C3037T,C14408T,C15324T,A23403G;;;1-3,29865-29869;;;ORF1b:P314L,S:D614G;2;;0;29902;89689;0;3000;0;good;6;10;0;good;0;15;-5;0;good;0;;0;good;0;;FR0069_EPI_ISL_852733;293
FR0068_EPI_ISL_852735;20C;0;good;0;0;31;6;0;0;C241T,C1059T,C3037T,C14408T,A23403G,G25563T;;;1-31,18948;;;ORF1a:T265I,ORF1b:P314L,ORF3a:Q57H,S:D614G;4;;0;29902;89685;0;3000;0;good;31;10;0;good;0;15;-5;0;good;0;;0;good;0;;FR0068_EPI_ISL_852735;781
FR0067_EPI_ISL_852736;20A;0;good;0;0;211;5;0;0;C241T,C3037T,C14408T,C15324T,A23403G;;;1-34,22000,28934,29691-29867;;;ORF1b:P314L,S:D614G;2;;0;29902;89689;0;3000;0;good;211;10;0;good;0;15;-5;0;good;0;;0;good;0;;FR0067_EPI_ISL_852736;293
FR0066_EPI_ISL_852739;19A;0;good;0;0;35;7;0;0;G1820A,A2480G,C2558T,T8599C,G11083T,C14805T,G26144T;;;1-31,17302,29865-29869;;;ORF1a:G519S,ORF1a:I739V,ORF1a:P765S,ORF1a:L3606F,ORF3a:G251V;5;;0;29902;89681;0;3000;0;good;35;10;0;good;0;15;-4;0;good;1;;0;good;0;;FR0066_EPI_ISL_852739;95
FR0065_EPI_ISL_852750;20B;0;good;0;0;34;9;0;3;G174T,C241T,C3037T,C14408T,A22474G,A23403G,G28881A,G28882A,G28883C;;;1-31,29865-29869;;"ChinaCDC_N_F:G28881A;G28882A;G28883C";N:R203K,N:G204R,ORF1b:P314L,S:D614G;4;;0;29902;89673;0;3000;0;good;34;10;0;good;0;15;-3;0;good;2;;0;good;0;;FR0065_EPI_ISL_852750;1236
FR0064_EPI_ISL_852751;20A;0.13993141289437586;good;0;0;401;5;0;0;C241T,C3037T,C14408T,C15324T,A23403G;;;1-34,7116-7306,29690-29868;;;ORF1b:P314L,S:D614G;2;;0;29902;89689;0;3000;3.740740740740741;good;401;10;0;good;0;15;-5;0;good;0;;0;good;0;;FR0064_EPI_ISL_852751;293
FR0063_EPI_ISL_852752;20A;0;good;0;0;34;5;0;0;C241T,C3037T,C14408T,C15324T,A23403G;;;1-31,29865-29869;;;ORF1b:P314L,S:D614G;2;;0;29902;89689;0;3000;0;good;34;10;0;good;0;15;-5;0;good;0;;0;good;0;;FR0063_EPI_ISL_852752;293
FR0062_EPI_ISL_852753;20B;0;good;0;0;35;7;0;3;C241T,C3037T,C14408T,A23403G,G28881A,G28882A,G28883C;;;1-31,29864-29869;;"ChinaCDC_N_F:G28881A;G28882A;G28883C";N:R203K,N:G204R,ORF1b:P314L,S:D614G;4;;0;29902;89681;0;3000;0;good;35;10;0;good;0;15;-5;0;good;0;;0;good;0;;FR0062_EPI_ISL_852753;1236
FR0061_EPI_ISL_852756;20B;0;good;0;0;31;8;0;3;C241T,C3037T,C14408T,A23403G,C27046T,G28881A,G28882A,G28883C;;;1-31,29867;;"ChinaCDC_N_F:G28881A;G28882A;G28883C";M:T175M,N:R203K,N:G204R,ORF1b:P314L,S:D614G;5;;0;29902;89677;0;3000;0;good;31;10;0;good;0;15;-4;0;good;1;;0;good;0;;FR0061_EPI_ISL_852756;1236
FR0060_EPI_ISL_852757;20B;0;good;0;0;34;8;0;3;C241T,C3037T,C14408T,A23403G,C27046T,G28881A,G28882A,G28883C;;;1-31,29865-29869;;"ChinaCDC_N_F:G28881A;G28882A;G28883C";M:T175M,N:R203K,N:G204R,ORF1b:P314L,S:D614G;5;;0;29902;89677;0;3000;0;good;34;10;0;good;0;15;-4;0;good;1;;0;good;0;;FR0060_EPI_ISL_852757;1236
FR0059_EPI_ISL_852760;20A;0;good;0;0;10;5;0;0;A187G,C241T,C3037T,C14408T,A23403G;;;1-5,29865-29871;;;ORF1b:P314L,S:D614G;2;;0;29902;89689;0;3000;0;good;10;10;0;good;0;15;-4;0;good;1;;0;good;0;;FR0059_EPI_ISL_852760;214
FR0054_EPI_ISL_852788;20A;0;good;0;3;57;6;0;0;C241T,C3037T,A12755G,C14408T,C15324T,A23403G;;11076:CTT;1-30,29840-29868;;;ORF1a:T4164A,ORF1b:P314L,S:D614G;3;;0;29902;89681;0;3000;0;good;57;10;0;good;0;15;-3;0;good;2;;0;good;0;;FR0054_EPI_ISL_852788;293
FR0051_EPI_ISL_852793;20A;9.20111111111111;good;0;3;1119;5;0;0;C241T,C3037T,C14408T,C15324T,A23403G;;11076:CTT;1-31,2268-2827,5099-5146,22423-22503,23849-23944,23945-24020,24079-24082,27634-27650,27688-27696,27756-27761,29445-29448,29669-29867;;;ORF1b:P314L,S:D614G;2;;0;29902;89685;0;3000;30.333333333333332;mediocre;1119;10;0;good;0;15;-4;0;good;1;;0;good;0;;FR0051_EPI_ISL_852793;293
FR0050_EPI_ISL_852796;20A;0;good;0;3;81;5;0;0;C241T,C3037T,C14408T,C15324T,A23403G;;11076:CTT;1-30,15454,29693-29714,29840-29870;;;ORF1b:P314L,S:D614G;2;;0;29902;89685;0;3000;0;good;81;10;0;good;0;15;-4;0;good;1;;0;good;0;;FR0050_EPI_ISL_852796;293
FR0049_EPI_ISL_852797;20A;0;good;0;3;227;5;0;0;C241T,C3037T,C14408T,C15324T,A23403G;;11076:CTT;1-3,23965-24012,29693-29871;;;ORF1b:P314L,S:D614G;2;;0;29902;89685;0;3000;0;good;227;10;0;good;0;15;-4;0;good;1;;0;good;0;;FR0049_EPI_ISL_852797;293
FR0048_EPI_ISL_852798;20A;0;good;0;3;149;5;0;0;C241T,C3037T,C14408T,C15324T,A23403G;;11076:CTT;1-18,29694-29732,29778-29872;;;ORF1b:P314L,S:D614G;2;;0;29902;89685;0;3000;0;good;149;10;0;good;0;15;-4;0;good;1;;0;good;0;;FR0048_EPI_ISL_852798;293
FR0043_EPI_ISL_852659;20B;7.350123456790124;good;0;0;1032;9;0;3;C241T,C3037T,C14408T,C16260T,A23403G,C27046T,G28881A,G28882A,G28883C;;;1-30,1862,2268-2323,2337,2569-2827,5034-5043,5138-5231,22290-22303,23844-24081,24232-24388,29684-29864;;"ChinaCDC_N_F:G28881A;G28882A;G28883C";M:T175M,N:R203K,N:G204R,ORF1b:P314L,S:D614G;5;;0;29902;89673;0;3000;27.11111111111111;good;1032;10;0;good;0;15;-3;0;good;2;;0;good;0;;FR0043_EPI_ISL_852659;1236
FR0042_EPI_ISL_852667;20B;0;good;0;0;34;9;0;3;C241T,C3037T,C14408T,C16260T,A23403G,C27046T,G28881A,G28882A,G28883C;;;1-5,29837-29867;;"ChinaCDC_N_F:G28881A;G28882A;G28883C";M:T175M,N:R203K,N:G204R,ORF1b:P314L,S:D614G;5;;0;29902;89673;0;3000;0;good;34;10;0;good;0;15;-3;0;good;2;;0;good;0;;FR0042_EPI_ISL_852667;1236
FR0041_EPI_ISL_852671;20B;0;good;0;0;27;9;0;3;C241T,C3037T,C14408T,C16260T,A23403G,C27046T,G28881A,G28882A,G28883C;;;1-4,29841-29865;;"ChinaCDC_N_F:G28881A;G28882A;G28883C";M:T175M,N:R203K,N:G204R,ORF1b:P314L,S:D614G;5;;0;29902;89673;0;3000;0;good;27;10;0;good;0;15;-3;0;good;2;;0;good;0;;FR0041_EPI_ISL_852671;1236
FR0040_EPI_ISL_852709;20B;0.6699725651577504;good;0;0;521;9;0;3;C241T,C3037T,C14408T,C16260T,A23403G,C27046T,G28881A,G28882A,G28883C;;;1-31,2661-2717,23845-24101,24237,29686-29864;;"ChinaCDC_N_F:G28881A;G28882A;G28883C";M:T175M,N:R203K,N:G204R,ORF1b:P314L,S:D614G;5;;0;29902;89673;0;3000;8.185185185185185;good;521;10;0;good;0;15;-3;0;good;2;;0;good;0;;FR0040_EPI_ISL_852709;1236
FR0033_EPI_ISL_852668;20A;0;good;0;0;267;5;0;0;C241T,C3037T,C14408T,C15324T,A23403G;;;1-9,11071,11077,23846-23964,23989-24005,24019-24083,29691-29722,29837-29865;;;ORF1b:P314L,S:D614G;2;;0;29902;89689;0;3000;0;good;267;10;0;good;0;15;-5;0;good;0;;0;good;0;;FR0033_EPI_ISL_852668;293
FR0032_EPI_ISL_852779;20A;0;good;0;3;14;5;0;0;C241T,C3037T,C14408T,C15324T,A23403G;;11076:CTT;1-5,29858-29868;;;ORF1b:P314L,S:D614G;2;;0;29902;89685;0;3000;0;good;14;10;0;good;0;15;-4;0;good;1;;0;good;0;;FR0032_EPI_ISL_852779;293
FR0029_EPI_ISL_852770;20A;0;good;0;0;219;5;0;0;C241T,C3037T,C14408T,C15324T,A23403G;;;1-13,11071,13059,13197,23846-23967,24032-24087,29837-29865;;;ORF1b:P314L,S:D614G;2;;0;29902;89689;0;3000;0;good;219;10;0;good;0;15;-5;0;good;0;;0;good;0;;FR0029_EPI_ISL_852770;293
FR0028_EPI_ISL_852774;20A;0.5597256515775034;good;0;3;502;5;0;0;C241T,C3037T,C14408T,C15324T,A23403G;;11076:CTT;1-13,23849-24084,24240-24320,29692-29867;;;ORF1b:P314L,S:D614G;2;;0;29902;89685;0;3000;7.481481481481482;good;502;10;0;good;0;15;-4;0;good;1;;0;good;0;;FR0028_EPI_ISL_852774;293
FR0027_EPI_ISL_852790;20A;0;good;0;3;285;5;0;0;C241T,C3037T,C14408T,C15324T,A23403G;;11076:CTT;1-31,2417-2426,2586-2788,24250-24272,24278-24294,29866-29872;;;ORF1b:P314L,S:D614G;2;;0;29902;89685;0;3000;0;good;285;10;0;good;0;15;-4;0;good;1;;0;good;0;;FR0027_EPI_ISL_852790;293
FR0026_EPI_ISL_852795;20A;0;good;0;3;76;6;0;0;C241T,C3037T,C13051T,C14408T,C15324T,A23403G;;11076:CTT;1-31,2424-2431,29868-29907;;;ORF1b:P314L,S:D614G;2;;0;29902;89681;0;3000;0;good;76;10;0;good;0;15;-3;0;good;2;;0;good;0;;FR0026_EPI_ISL_852795;293
FR0025_EPI_ISL_852799;20A;0;good;0;3;35;7;0;0;C241T,C3037T,C4455T,G10511A,C14408T,C15324T,A23403G;;11076:CTT;1-31,29868-29873;;;ORF1a:A1397V,ORF1a:D3416N,ORF1b:P314L,S:D614G;4;;0;29902;89677;0;3000;0;good;35;10;0;good;0;15;-2;0;good;3;;0;good;0;;FR0025_EPI_ISL_852799;293
FR0024_EPI_ISL_852800;20A;0;good;0;3;243;5;0;0;C241T,C3037T,C14408T,C15324T,A23403G;;11076:CTT;1-31,2269-2301,2334-2339,2419-2507,2529,2661-2747,29870;;;ORF1b:P314L,S:D614G;2;;0;29902;89685;0;3000;0;good;243;10;0;good;0;15;-4;0;good;1;;0;good;0;;FR0024_EPI_ISL_852800;293
FR0021_EPI_ISL_852783;20A;0;good;0;3;37;5;0;0;C241T,C3037T,C14408T,C15324T,A23403G;;11076:CTT;1-31,2686-2689,29868-29872;;;ORF1b:P314L,S:D614G;2;;0;29902;89685;0;3000;0;good;37;10;0;good;0;15;-4;0;good;1;;0;good;0;;FR0021_EPI_ISL_852783;293
FR0019_EPI_ISL_852786;20A;0;good;0;3;25;6;0;0;C241T,C3037T,C10448A,C14408T,C15324T,A23403G;;11076:CTT;1-21,29868-29873;;;ORF1a:P3395T,ORF1b:P314L,S:D614G;3;;0;29902;89681;0;3000;0;good;25;10;0;good;0;15;-3;0;good;2;;0;good;0;;FR0019_EPI_ISL_852786;293
FR0018_EPI_ISL_852785;20A;0;good;0;3;87;7;0;1;C241T,C3037T,C7600T,C14408T,C15324T,G15451A,A23403G;;11076:CTT;1-30,2569-2622,29868-29873;;Charité_RdRp_F:G15451A;ORF1b:P314L,ORF1b:G662S,S:D614G;3;;0;29902;89677;0;3000;0;good;87;10;0;good;0;15;-2;0;good;3;;0;good;0;;FR0018_EPI_ISL_852785;293
FR0016_EPI_ISL_852801;20A;0;good;0;3;17;5;0;0;C241T,C3037T,C14408T,C15324T,A23403G;;11076:CTT;1-13,29868-29873;;;ORF1b:P314L,S:D614G;2;;0;29902;89685;0;3000;0;good;17;10;0;good;0;15;-4;0;good;1;;0;good;0;;FR0016_EPI_ISL_852801;293
FR0014_EPI_ISL_852737;20C;0;good;0;0;26;6;0;0;C241T,C1059T,C3037T,C14408T,A23403G,G25563T;;;1-19,29896-29904;;;ORF1a:T265I,ORF1b:P314L,ORF3a:Q57H,S:D614G;4;;0;29902;89685;0;3000;0;good;26;10;0;good;0;15;-5;0;good;0;;0;good;0;;FR0014_EPI_ISL_852737;781
FR0013_EPI_ISL_852804;20A;0;good;33;0;12;6;0;0;C241T,C3037T,C6906T,C14408T,C15324T,A23403G;426-459;;1-13;;;ORF1a:V54E,ORF1a:S2214L,ORF1b:P314L,S:D614G;4;ORF1a:E55-,ORF1a:V56-,ORF1a:E57-,ORF1a:K58-,ORF1a:G59-,ORF1a:V60-,ORF1a:L61-,ORF1a:P62-,ORF1a:Q63-,ORF1a:L64-,ORF1a:E65-;11;29902;89582;0;3000;0;good;12;10;0;good;0;15;-3;0;good;2;;0;good;0;;FR0013_EPI_ISL_852804;293
FR0012_EPI_ISL_852802;20A;0;good;0;3;34;5;0;0;C241T,C3037T,C14408T,C15324T,A23403G;;11076:CTT;1-31,29868-29872;;;ORF1b:P314L,S:D614G;2;;0;29902;89685;0;3000;0;good;34;10;0;good;0;15;-4;0;good;1;;0;good;0;;FR0012_EPI_ISL_852802;293
FR0011_EPI_ISL_852748;20A;0;good;0;0;16;6;0;0;C21T,C241T,C3037T,C14408T,C15324T,A23403G;;;1-12,14520,29866-29870;;;ORF1b:P314L,S:D614G;2;;0;29902;89685;0;3000;0;good;16;10;0;good;0;15;-4;0;good;1;;0;good;0;;FR0011_EPI_ISL_852748;293
